Gene Symbol,Negative logP
SKI,1.585360853
MORN1,2.036268823
VPS13D,3.352421446
FHAD1,4.772781955
EFHD2,4.772781955
ATP13A2,2.639785387
SDHB,2.639785387
TRIM63,2.088895682
SMPDL3B,2.31646668
XKR8,2.31646668
EYA3,2.31646668
MATN1,2.876475019
LAPTM5,2.876475019
TRIT1,3.53734749
MYCL,3.770984057
RIMS3,3.903368024
CYP4Z1,2.346594509
CYP4A22,2.297483303
EPS15,1.554863031
C1orf87,1.70092874
KANK4,2.936629106
PDE4B,2.953543858
MIER1,1.572708685
SLC35D1,2.219423485
C1orf141,2.025299525
NEGR1,4.028960851
ST6GALNAC3,4.119426479
USP33,1.639028116
DDAH1,3.571379327
ZNHIT6,1.668775219
COL24A1,4.195867386
GBP5,2.933152489
GBP6,3.621965678
VAV3,2.830090558
CLCC1,4.031960912
WDR47,4.031960912
WARS2,2.131825959
NBPF7,2.781202002
ADAM30,2.804737042
NOTCH2,2.932185489
SV2A,3.321481621
SF3B4,3.321481621
MTMR11,3.321481621
OTUD7B,3.568330729
MRPL9,2.381742655
OAZ3,2.381742655
TDRKH,2.381742655
SPRR2E,3.175204034
SPRR2F,3.175204034
SPRR2G,5.351874278
OR10K2,3.494036482
UAP1,3.759400836
DDR2,2.476383581
RGS4,2.894013204
RGS5,4.164303088
LMX1A,2.623331814
LRRC52,3.186519091
SEC16B,1.610656689
RNASEL,3.009980989
RGS16,3.009980989
PLA2G4A,2.115142356
CFHR4,3.999132278
C1orf106,2.112270203
KIF21B,4.90399426
CACNA1S,4.288192771
NAV1,3.534914712
SYT2,3.169860613
LRRN2,3.199111162
SLC45A3,2.774277301
RASSF5,1.452348342
EIF2D,2.600845666
DYRK3,3.526805091
MAPKAPK2,3.6062669
IL10,7.197746372
IL19,3.363953643
C4BPA,2.223676628
CR2,8.43230329
CR1,22.02793145
CR1L,11.29930493
CD46,1.477686205
BATF3,2.711370765
NSL1,1.766978493
TATDN3,1.764951562
SPATA45,1.848109431
PROX1,2.620331966
ESRRG,3.702677286
HLX,3.102202523
CAPN2,2.919734373
CHRM3,4.353116168
EXO1,4.016644386
PLD5,2.026456531
C1orf100,1.815848224
ADSS,2.035664929
C1orf101,2.111966606
SMYD3,1.837345996
CNST,2.491820551
OR2T8,2.620640086
OR2L13,2.670073559
OR2L8,2.8395915
OR2AK2,1.611543547
SH3YL1,2.910907744
ACP1,3.185659161
FAM150B,3.214157857
MYT1L,3.069845951
C2orf48,3.507938395
NCOA1,1.90868484
PTRHD1,2.038085562
CENPO,2.018883897
ADCY3,2.041770686
DTNB,2.825329759
RASGRP3,3.982674445
VIT,2.673951032
SULT6B1,2.591081979
CEBPZ,4.387661258
NDUFAF7,5.491874464
PRKD3,4.829122493
QPCT,5.171082438
EML4,4.443637185
COX7A2L,3.940171618
KCNG3,4.972650392
OXER1,3.972650392
HAAO,3.972650392
THADA,5.720720992
ABCG5,1.4867824
ABCG8,1.4867824
EPAS1,2.944621669
MCFD2,2.479516467
NRXN1,4.451487744
EML6,2.456652241
COMMD1,2.67592342
ANTXR1,2.672620629
MCEE,3.145754703
MPHOSPH10,3.145754703
PAIP2B,4.022733788
ZNF638,5.764395811
DYSF,1.501827339
FHL2,2.543330371
ACOXL,1.951985709
PAX8,2.843723504
DPP10,4.522878745
TMEM37,2.553742512
SCTR,2.553742512
BIN1,38.33153021
MAP3K2,1.812479279
MGAT5,2.716472635
TMEM163,2.716472635
THSD7B,3.280751602
METAP1D,3.293623644
SCRN3,2.113678513
GPR155,2.113678513
HOXD3,1.529148675
HOXD1,1.529148675
PDE11A,2.758453519
PPP1R1C,4.239547358
PDE1A,4.33856595
CALCRL,2.207041296
CTLA4,2.599634727
PARD3B,3.48165718
NRP2,2.219970873
RPE,2.212327035
KANSL1L,2.160289469
SPAG16,2.300856313
FN1,2.388701638
TMEM169,3.287855586
XRCC5,3.287855586
MARCH4,2.747025675
PAX3,1.358030402
MFF,1.987584625
TM4SF20,1.987584625
DNER,2.077274542
TRIP12,2.679085547
NMUR1,1.521433504
DIS3L2,4.434152181
NGEF,4.029123366
COL6A3,2.078006766
MLPH,3.174963559
CHL1,6.594329278
VGLL4,1.785951321
NUP210,1.914709422
HACL1,1.676954265
RFTN1,2.748118545
PLCL2,2.088682558
ZNF385D,2.955852379
OSBPL10,3.757334363
CMTM7,2.810678159
ZNF502,2.4873823
ZNF501,2.607742839
KIAA1143,2.701518087
KIF15,2.651539364
TMEM42,2.534989135
TGM4,2.534989135
CLEC3B,2.214534914
CDCP1,1.679230772
FAM208A,3.078516416
ARHGEF3,4.874518734
IL17RD,3.884056823
FHIT,2.647720983
CADPS,3.17203011
SYNPR,4.508932605
PRICKLE2,3.912573543
MITF,1.545460015
ROBO1,4.39911419
ALCAM,2.363221334
CD200R1,1.596399102
GTPBP8,1.596399102
C3orf17,1.383209514
RPN1,5.116259093
SLC9A9,4.065299598
MED12L,3.604533816
P2RY14,3.54640649
GPR87,3.636463229
P2RY13,3.55158743
P2RY12,3.54945838
SUCNR1,1.624153564
MBNL1,2.227274998
TMEM14E,2.318171053
MME,2.208204123
PLCH1,2.301594946
GOLIM4,4.189955762
SPATA16,2.360304383
ZMAT3,2.670886997
ADIPOQ,1.553618188
TP63,2.903437562
GAK,5.705908708
TMEM175,3.968995719
STK32B,1.324881848
CRMP1,1.589442077
CD38,3.040352927
LDB2,1.552997102
NWD2,1.768020973
TBC1D1,1.943476276
FAM114A1,2.149310889
PDS5A,1.838631998
N4BP2,1.417028071
CHRNA9,3.598702875
ATP10D,3.622693749
CORIN,4
CEP135,3.627272059
ADGRL3,3.255034577
UBA6,2.518987579
TMPRSS11A,2.88883834
TMPRSS11F,2.387216143
TMPRSS11B,2.569247896
SLC4A4,4.025723249
CXCL6,2.097453221
PF4V1,2.097453221
SDAD1,1.950781977
CXCL9,1.950781977
ART3,1.616292324
CXCL10,1.680248707
CXCL11,1.680248707
STBD1,2.863818673
CCDC158,2.860309778
SHROOM3,1.702239489
GRID2,2.767257937
TSPAN5,2.084336396
ADH1B,2.805069601
ADH1C,2.805069601
TET2,2.648184374
PAPSS1,2.735252992
COL25A1,6.640771816
IL15,2.967864953
INPP4B,2.109914473
ANAPC10,3.278684119
ABCE1,3.278684119
MMAA,1.426316307
SLC10A7,3.164689999
EDNRA,3.495665088
GUCY1B3,3.823908741
RAPGEF2,2.783042793
WWC2,2.936591575
ICE1,2.536973479
SEMA5A,2.204690151
ANKRD33B,3.835022923
FAM105A,4.061980903
OTULIN,6.22541005
ANKH,5.943857738
RAI14,3.369470429
TTC23L,3.369470429
AGXT2,3.361051732
PRLR,4.478822675
SLC1A3,3.310247304
FST,3.054236077
CARTPT,3.064250967
ZNF366,1.87095494
ARHGEF28,2.882397308
IQGAP2,3.052747681
AP3B1,1.502241282
MEF2C,8.346835744
CHD1,3.185352931
FBXL17,4.183944392
FER,1.460033632
WDR36,2.42668736
CAMK4,2.913106529
PGGT1B,1.57613181
CCDC112,2.583925609
TICAM2,1.954990139
TMED7-TICAM2,2.480237615
TMED7,2.617784777
DTWD2,2.304737277
MEGF10,3.813354389
JADE2,3.758702613
ETF1,2.707300997
HSPA9,2.540306024
NRG2,2.408112128
PURA,2.992252222
IGIP,3.216082135
CYSTM1,5.212008495
PFDN1,4.920927341
HBEGF,6.449074888
SLC4A9,2.685563931
ANKHD1,3.716495243
ANKHD1-EIF4EBP3,3.716495243
EIF4EBP3,3.065067471
SRA1,3.065067471
APBB3,3.065067471
SLC35A4,3.284389369
TMCO6,1.33003263
NDUFA2,1.380697924
IK,1.432244537
WDR55,1.432244537
DND1,1.425147245
HARS,1.411750709
HARS2,1.508792438
ZMAT2,1.685164077
PCDHA1,1.630190641
PCDHA2,1.624446116
PCDHA3,1.634062977
PCDHA4,1.636613686
PCDHA5,1.648435585
PCDHA6,1.642904075
PCDHA7,1.622493408
PCDHA8,1.589999287
PCDHA9,1.60273802
PCDHA10,1.622711966
PCDHGA1,1.863279433
PCDHGA2,1.863279433
PCDHGA3,1.863279433
PCDHGB1,1.863279433
PCDHGA4,1.863279433
PCDHGB2,1.863279433
PCDHGA5,1.863279433
PCDHGB3,1.863279433
PCDHGA6,1.863279433
PCDHGA7,1.863279433
PCDHGB4,1.863279433
PCDHGA8,1.863279433
PCDHGB5,1.863279433
PCDHGA9,1.863279433
PCDHGB6,1.863279433
PCDHGA10,1.863279433
PCDHGB7,1.863279433
PCDHGA11,1.863279433
PCDHGA12,1.863279433
PCDHGC3,1.863279433
PCDHGC4,1.863279433
PCDHGC5,1.863279433
DIAPH1,1.863279433
FGF1,2.562249437
KCTD16,2.918760739
CSNK1A1,1.745693668
GRIA1,2.278181144
MFAP3,1.359319847
KCNIP1,2.18754122
DOK3,3.261734878
DDX41,3.297483303
FAM193B,3.698297369
COL23A1,2.382685067
CANX,3.949233689
MAML1,4.035650785
LTC4S,4.85421333
MGAT4B,4.814996444
SQSTM1,6.815848224
C5orf45,5.752910944
RASGEF1C,2.05139145
EXOC2,3.779630368
BPHL,2.199894938
TUBB2A,2.199894938
F13A1,5.110844021
NEDD9,2.489669509
PHACTR1,3.575853694
LOC100130357,3.709943118
TBC1D7,3.720835157
ATXN1,2.586700236
CDKAL1,2.780153614
LRRC16A,1.578725209
BTN3A2,2.330590133
BTN2A2,2.481775686
BTN3A1,2.638461029
BTN2A1,1.379863945
BTN1A1,1.379863945
HIST1H2BL,3.884056823
HIST1H2AI,3.884056823
HIST1H3H,3.884056823
HIST1H2AK,2.305482546
HIST1H2BN,2.305482546
HIST1H2AL,2.832741757
HIST1H1B,2.832741757
HIST1H3I,3.247805531
HIST1H4L,3.247805531
HIST1H3J,5.154374922
HIST1H2AM,5.154374922
HIST1H2BO,4.40214034
OR2B2,4.191397461
HLA-C,2.832387327
PRRC2A,2.688882157
BAG6,4.81256389
APOM,4.81256389
C6orf47,4.81256389
GPANK1,4.81256389
CSNK2B,3.174768677
LY6G5B,3.174768677
LY6G5C,3.174768677
ABHD16A,3.174768677
C4B,3.482936127
CYP21A2,3.482936127
TNXB,3.482936127
NOTCH4,4.575118363
C6orf10,12.32084476
BTNL2,7.2249724
HLA-DRA,8.524430498
HLA-DRB5,11.80944421
HLA-DRB1,17.22549763
HLA-DQA1,13.09630785
HLA-DQB1,13.50735134
HLA-DQA2,5.228412519
HLA-DQB2,5.228412519
TSPO2,2.278024598
APOBEC2,2.278024598
OARD1,2.502006666
NFYA,2.502006666
TREML2,8.137242686
TREML4,4.473660723
GUCA1B,1.313721322
MRPS10,1.313721322
TRERF1,1.313721322
CD2AP,11.68237536
ADGRF2,7.790511795
ADGRF4,6.372398623
EYS,3.135008613
ADGRB3,3.083804073
CGA,3.01376587
SIM1,2.405276054
GRIK2,2.414167178
ATG5,3.701802133
AIM1,4.4996949
NR2E1,2.732570119
SNX3,1.991740585
LACE1,2.542072709
CEP57L1,5.226872076
C6orf183,5.226872076
FIG4,5.034172951
FAM184A,2.480697151
TBC1D32,2.101768615
ABRACL,2.99122955
PHACTR2,2.997877154
ZC2HC1B,3.296622631
PLAGL1,3.296622631
GRM1,2.522589312
ADGB,2.595491271
TAB2,2.608006928
PPP1R14C,2.914816492
CCDC170,2.241428716
SYNE1,1.555642874
TIAM2,3.051782706
SERAC1,2.185819019
GTF2H5,2.185819019
PARK2,2.825300712
SMOC2,2.341797747
PSMB1,2.489857301
TBP,2.489857301
MAFK,3.912360532
TMEM184A,3.912360532
PSMG3,3.611472532
SDK1,2.597343203
FOXK1,2.607179985
AP5Z1,2.824082493
RADIL,2.824082493
FSCN1,4.674135563
RAC1,1.756713854
UMAD1,3.36671338
ICA1,2.570296157
TMEM106B,1.979224512
HDAC9,2.745041265
RAPGEF5,1.617082865
MPP6,2.954285941
NFE2L3,3.635073966
HNRNPA2B1,3.533265801
CBX3,3.56050941
CREB5,6.604603706
LSM5,4.826697158
AVL9,3.938057708
KBTBD2,3.509760515
FKBP9,2.533740521
NPSR1,4.320199751
ELMO1,1.432679496
GPR141,6.808297536
NME8,6.973140014
AMPH,3.127785437
SUGCT,2.821598658
EGFR,3.667097194
ZNF736,1.539042051
HIP1,3.129268449
PTPN12,3.185352931
RSBN1L,3.168450148
TMEM60,3.168450148
DMTF1,1.762205007
ZNF804B,3.689264216
ANKIB1,3.015121792
FAM133B,3.114525697
CDK6,3.114525697
LMTK2,2.922595754
AZGP1,7.218963061
ZKSCAN1,6.427616382
ZSCAN21,6.540501967
ZNF3,6.51812759
COPS6,6.933599524
MCM7,6.764118201
AP4M1,6.453617759
TAF6,6.612984113
CNPY4,6.603451962
MBLAC1,6.143929997
LAMTOR4,8.434305628
C7orf43,4.8569852
GAL3ST4,7.872247484
GPC2,6.752861774
STAG3,5.83082538
GATS,5.686829052
PVRIG,5.548290302
PILRB,10.19374539
PILRA,10.92808119
ZCWPW1,12.09292201
MEPCE,3.202247871
PPP1R35,3.202247871
C7orf61,9.214670165
TSC22D4,9.244330912
NYAP1,9.244330912
CUX1,4.633894708
SYPL1,4.726373794
DOCK4,5.015130786
TMEM168,1.847681073
C7orf60,2.249360488
CAV2,4.324918554
CAV1,5.483914357
CTTNBP2,4.320426757
LRGUK,3.256192446
AKR1B1,2.517698233
LOC100507507,11.21655381
ZYX,18.57672135
EPHA1,25.01652707
TAS2R60,15.21200849
TAS2R41,5.100119335
CUL1,1.660946264
EZH2,1.660946264
PRKAG2,1.461551948
DNAJB6,1.347743987
PTPRN2,2.618902978
ERICH1,1.858550227
DLGAP2,2.877096351
MYOM2,2.729903719
CSMD1,7.836331846
PINX1,6.045255929
SGCZ,1.757259855
TRIM35,6.802471344
PTK2B,12.51772684
CHRNA2,9.111674455
EPHX2,17.98250755
CLU,30.191735
SCARA3,10.93907563
CCDC25,5.065491449
ESCO2,4.540019803
PBK,4.288150608
SCARA5,4.220403509
HMBOX1,1.697539192
KIF13B,1.761452112
NRG1,3.234860668
RPS20,2.651889932
MOS,2.578231599
CLVS1,2.800793521
DNAJC5B,3.817585348
CPA6,3.494415944
TRAM1,2.224571608
LACTB2,2.141643295
XKR9,2.142281636
ZFHX4,4.289789521
NECAB1,1.633203617
C8orf88,1.585979804
TMEM55A,2.507016237
TP53INP1,7.603138379
NDUFAF6,5.921579435
PLEKHF2,2.043015632
SDC2,5.528458935
CPQ,2.922813846
STK3,3.241360573
VPS13B,2.412760618
SNX31,2.291239276
ANGPT1,3.22444052
TRPS1,5.170696227
LRRC6,2.507938395
TMEM71,3.691435586
PHF20L1,3.484391051
TG,3.484391051
ST3GAL1,2.141853964
TSNARE1,1.863216037
ARC,4.278189385
DOCK8,3.264880366
GLIS3,3.831237424
PTPRD,2.067983094
ACER2,2.127028369
FOCAD,2.648203693
IFNA14,4.437707136
IFNA8,4.060980224
MTAP,1.888737486
LOC100506422,2.646026098
TEK,2.136629549
EQTN,2.423543468
UBAP1,2.381115515
KIF24,2.381115515
RECK,1.862013267
GLIPR2,1.862013267
TRPM3,3.135548253
TRPM6,3.634717979
PCSK5,2.803906756
TLE4,2.173173935
SYK,3.647624505
AUH,1.615861725
PHF2,2.353302269
TBC1D2,2.682793571
ABCA1,4.027121706
SLC31A2,1.654430244
SLC31A1,1.370386555
CDC26,1.370386555
WDR31,1.512578789
BSPRY,1.512578789
DFNB31,2.286098038
MVB12B,3.13538807
GTF3C5,3.855363532
CEL,3.492036242
C9orf69,2.382789905
AKR1E2,2.7070797
IL2RA,1.319483191
PFKFB3,3.409269594
CCDC3,2.287518662
PIP4K2A,3.735158575
ARMC3,2.035452822
KIAA1217,2.093341782
WAC,2.388372269
BAMBI,1.779081636
ZNF438,2.357980885
CCNY,2.941422151
BMS1,3.33245366
ZNF32,2.82131076
PCDH15,2.617622697
IPMK,3.496359099
CISD1,2.733180545
ANK3,2.085366
CDK1,4.213532523
NODAL,2.092857469
PALD1,2.092857469
ADAMTS14,3.847987
TBATA,3.649325652
ADK,3.748483448
C10orf11,1.984556412
ZMIZ1,2.051978467
SFTPD,3.747875447
MAT1A,4.721246399
SH2D4B,2.619770663
GRID1,1.643782866
KLLN,3.141462802
PTEN,2.631062626
LIPK,4.737905035
LIPN,3.86690839
LIPM,3.441003595
OPALIN,2.523545175
TLL2,3.031914169
ENTPD7,3.22562904
SH3PXD2A,2.680331909
SHOC2,2.223153591
ADRA2A,3.669992299
BTBD16,3.214072532
PLEKHA1,4.321754848
CHST15,4.02192453
MGMT,3.202400112
TCERG1L,3.134907875
PNPLA2,3.318216234
CRACR2B,3.318216234
CD151,4.909177837
POLR2L,4.909177837
TSPAN4,3.924015315
CHID1,6.514917712
AP2A2,5.40901335
TRIM5,4.333032982
TRIM22,3.664742744
WEE1,2.991697976
GALNT18,5.487849463
TEAD1,3.769883313
SOX6,1.815053177
WT1,2.229663559
CAT,2.060605563
ELF5,2.084125497
ALX4,3.153149709
SLC35C1,4.186879568
CRY2,3.403699865
MAPK8IP1,3.191586449
ATG13,4.517126416
ARHGAP1,4.517126416
C11orf49,3.994433429
DDB2,10.27801636
ACP2,10.0927768
NR1H3,8.890894136
MADD,9.517012143
MYBPC3,10.58115204
SPI1,8.850134547
SLC39A13,9.522777422
PSMC3,9.810425474
RAPSN,9.593919904
CELF1,10.75448733
PTPMT1,10.56551094
KBTBD4,10.50912892
NDUFS3,10.00521668
FAM180B,10.02633192
C1QTNF4,10.02633192
MTCH2,8.623861208
AGBL2,6.958094361
FNBP4,6.719558222
NUP160,6.078807913
PATL1,2.118786584
OR10V1,2.515700161
STX3,2.744293417
MRPL16,2.728855682
GIF,2.579384229
OOSP2,6.598341028
MS4A3,9.509465654
MS4A2,14.51198543
MS4A6A,15.05869732
MS4A4E,14.79704875
MS4A4A,10.86815687
MS4A6E,6.626922408
RAB3IL1,1.86780437
BEST1,1.986362388
C11orf84,3.02824187
MARK2,3.019846584
RCOR2,2.979763056
NAA40,2.682772651
KDM2A,1.863596552
MRGPRF,1.843117836
TPCN2,1.459295217
PPFIA1,3.348334396
SHANK2,3.892416969
DNAJB13,1.346980549
LRRC32,2.645699438
DLG2,4.136808043
SYTL2,5.256184612
CCDC83,7.90535421
PICALM,22.03447376
PIWIL4,2.26816958
CNTN5,4.554520343
GRIA4,2.980468315
ALKBH8,3.31415082
SLC35F2,1.9476909
CADM1,3.162026675
ZPR1,2.472885888
APOA5,2.472885888
APOA4,2.472885888
SCN2B,1.816730156
AMICA1,1.816730156
BCL9L,2.456056058
SORL1,16.99757474
SNX19,2.881074247
NTM,3.312239239
FBXL14,2.339134522
CACNA1C,2.032845313
AKAP3,2.687822644
NDUFA9,2.687822644
LPAR5,2.866588844
ACRBP,2.866588844
ING4,2.407268234
C1S,5.329401658
C1RL,3.319619155
GDF3,2.464832515
DPPA3,2.464832515
KLRC2,3.115091406
KLRC1,3.115091406
MAGOHB,3.869216085
STYK1,4.09964926
YBX3,3.140201453
HIST4H4,2.431446288
ERP27,2.782252927
ARHGDIB,2.782252927
PIK3C2G,3.725749757
FGD4,2.959476774
SLC2A13,3.121708051
ADAMTS20,4.433727536
KANSL2,3.983008422
CCNT1,3.827835086
KRT3,2.90490042
KRT4,2.90490042
KRT79,2.40329297
SP1,3.706637445
AMHR2,3.706637445
SMUG1,1.821886748
CBX5,1.529883647
OR6C65,4.428291168
OR6C76,4.428291168
NXPH4,2.402853512
SHMT2,2.402853512
NDUFA4L2,2.402853512
STAC3,2.402853512
R3HDM2,2.402853512
USP15,2.868060705
MON2,2.123147352
CPM,4.786455681
LGR5,2.58760666
SYT1,1.969278871
PPFIA2,3.523893283
POC1B,2.237831788
MRPL42,1.994819487
SNRPF,2.244582537
CCDC38,2.244582537
GLT8D2,2.089268902
RFX4,2.89279003
RIC8B,3.048176965
SVOP,3.170696227
CUX2,2.357901668
MAPKAPK5,3.796070063
HECTD4,3.678940371
RPH3A,4.579730616
OAS1,3.565223578
OAS3,3.589897923
OAS2,3.811915626
DTX1,6.209834512
RASAL1,4.026124326
RFC5,1.894830572
TMEM120B,2.354283061
RHOF,2.354283061
SETD1B,4.078828742
HPD,2.782700341
ABCB9,3.540095106
TMEM132C,2.249337354
TMEM132D,3.037711184
ADGRD1,2.836570257
XPO4,2.809948582
SAP18,2.631899148
NUDT15,3.065501549
MED4,3.452077684
DLEU7,1.783834098
NEK3,2.604149624
THSD1,4.194682685
VPS36,2.729787145
CKAP2,2.763815557
HNRNPA1L2,3.97980451
SUGT1,2.570570736
PCDH9,3.098519883
DACH1,3.849673464
KCTD12,1.516640964
DCT,3.222848777
ITGBL1,3.291409155
FAM155A,2.190144123
MYO16,4.998352809
ARHGEF7,4.219380299
MCF2L,5.327939105
TRA,2.950781977
TRD,2.950781977
NFATC4,3.095014119
NYNRIN,3.095014119
PRKD1,4.349634186
AKAP6,2.798575562
BAZ1A,3.203897681
MAP4K5,2.340273905
FRMD6,2.863882157
ERO1L,4.367826256
PSMC6,4.463075591
STYX,4.463921567
GNPNAT1,4.535942876
FERMT2,7.868060705
DDHD1,3.270349332
C14orf37,2.174495989
ACTR10,2.929223537
PSMA3,2.929223537
PRKCH,2.467755356
GPHB5,1.738903742
SMOC1,2.441411417
SIPA1L1,2.695531015
RGS6,1.995678626
LTBP2,4.69209767
AREL1,3.962852496
FCF1,3.882894497
YLPM1,5.882364183
PROX2,5.184130164
DLST,5.56944123
RPS6KL1,6.505831487
PGF,5.732546658
LRRC74A,2.582030358
KCNK10,4.326656489
SPATA7,3.201038762
PTPN21,3.063310364
ZC3H14,3.348218187
EML5,3.032147937
TTC8,3.326527514
FOXN3,2.504455662
CATSPERB,3.562883907
TC2N,4.149500801
FBLN5,4.178185256
SLC24A4,8.72556503
GOLGA5,3.181754306
TRMT61A,4.459670525
BAG5,4.459670525
APOPT1,4.459670525
TMEM121,3.825940192
IGH,6.071727079
ARHGAP11A,3.76700389
SCG5,3.76700389
PGBD4,3.5194613
KATNBL1,3.521202712
C15orf53,2.568475416
FSIP1,2.364516253
GPR176,4.00845054
MGA,2.689519109
SECISBP2L,1.403029242
COPS2,2.649345021
GALK2,2.167925599
FAM227B,2.148955793
FGF7,2.116605468
DTWD1,2.042048096
ATP8B4,3.421120219
USP8,6.742129514
USP50,6.372890289
TRPM7,5.399756984
SPPL2A,7.589931709
FAM214A,1.661005952
UNC13C,5.216124994
LIPC,4.803906756
ADAM10,6.463580453
FAM63B,5.617586687
RORA,4.828683175
TLN2,1.685922008
TPM1,2.404834585
DAPK2,3.261631741
FAM96A,4.690518881
SNX1,5.489736568
SNX22,4.3188402
PPIB,4.3188402
CSNK1G1,3.052958595
KIAA0101,2.517154989
TRIP4,6.087363515
ZNF609,5.088107643
OAZ2,4.688246139
PARP16,1.903437562
MEGF11,3.093018847
HYKK,3.140021558
PSMA4,3.140021558
TMED3,1.669383333
CEMIP,1.846490011
EFTUD1,4.339200904
SAXO2,3.524256193
HDGFRP3,2.161087973
ADAMTSL3,5.085820858
ALPK3,2.761376895
AKAP13,2.597411945
AGBL1,1.304255725
ACAN,4.360702809
ZNF710,4.26827428
IDH2,3.315998923
CRTC3,2.32573608
RGMA,3.728762646
FAM169B,3.543618782
LINS,1.640942772
ASB7,1.640942772
DECR2,2.088022536
RAB11FIP3,2.364747536
RBFOX1,1.355364496
CIITA,6.463062977
DEXI,6.582727646
CLEC16A,9.455671457
SNX29,1.697885623
CPPED1,1.490394295
MKL2,2.548489882
C16orf62,6.235943483
KNOP1,6.356873167
IQCK,6.728274531
GPRC5B,4.275707742
ACSM2A,2.880018693
DNAH3,4.188237377
PRKCB,2.72434319
CCDC101,3.334231449
SULT1A2,3.334231449
SULT1A1,3.334231449
VKORC1,3.292344676
BCKDK,3.292344676
KAT8,3.292344676
PHKB,2.187855691
FTO,3.848814082
CNGB1,2.733415553
NFAT5,2.270916243
NQO1,2.92190585
NOB1,2.92190585
WWP2,2.92190585
COG4,2.422393323
SF3B3,2.422393323
IL34,8.287965142
MTSS1L,8.75654027
VAC14,8.24533065
CTRB2,2.424812155
CTRB1,2.424812155
BCAR1,2.424812155
WWOX,2.038365371
CMIP,1.883824109
PLCG2,4.321481621
USP10,3.133547247
FOXL1,4.623423043
C16orf95,2.00449643
ANKRD11,5.053936022
MYO1C,5.142064735
INPP5K,5.768861864
PITPNA,9.994562077
SLC43A2,7.867228171
RAP1GAP2,2.960585881
PLD2,4.66170291
MINK1,5.42194559
CHRNE,5.456503118
C17orf107,5.456503118
GP1BA,5.258265529
SLC25A11,4.940360862
RNF167,5.014407385
PFN1,5.38387122
ENO3,4.954677021
SPAG7,4.35765421
CAMTA2,4.35765421
INCA1,4.35765421
KIF1C,4.35765421
SLC52A1,4.311615777
ZFP3,4.888569448
ZNF232,4.401034498
USP6,4.599582905
ZNF594,4.685648158
SCIMP,6.89496695
RABEP1,7.030747212
NUP88,3.661045748
RPAIN,3.719877104
C1QBP,3.262409834
GLP2R,3.89997427
GAS7,1.537587027
ARHGAP44,4.425031668
CDRT4,1.525434109
TVP23C-CDRT4,2.024821029
TVP23C,2.132208533
SPACA3,1.617082865
ASIC2,5.134422293
TMEM132E,3.200177169
MED24,3.008587838
THRA,3.008587838
LRRC37A,3.510787067
ARL17B,3.575396009
ITGB3,3.05081499
EFCAB13,1.834547927
NPEPPS,1.751193296
KPNB1,1.840944396
TBKBP1,1.937418016
GNGT2,5.877653034
ABI3,5.877653034
PHOSPHO1,5.864581095
ZNF652,4.369561954
PHB,2.775208044
XYLT2,1.932185489
MRPL27,1.932185489
MSI2,2.035532939
BZRAP1,8.505469737
SUPT4H1,8.943400024
RNF43,7.984598326
TANC2,7.623678585
CYB561,7.291256261
ACE,6.411717086
SCN4A,2.543482142
RGS9,2.489053051
PRKCA,3.756391539
SDK2,2.437469231
CD300LB,3.509058795
CD300C,3.509058795
OTOP3,2.785686103
HID1,3.582395465
CDR2L,4.499091465
ICT1,4.321773069
ATP5H,4.327523455
KCTD2,3.812028298
SLC16A5,3.954950987
ARMC7,4.098067864
NT5C,4.338187314
DNAH17,4.086620659
ENGASE,1.679957625
RBFOX3,2.067323341
L3MBTL4,3.66248084
PTPRM,2.586432029
MC2R,2.825358807
OSBPL1A,2.173795577
DSG2,3.978810701
MAPRE2,2.149212902
SIGLEC15,3.095468379
CTIF,1.388170521
LIPG,2.72019622
LOC100505549,2.51825648
ATP8B1,2.51825648
ALPK2,2.37923951
SERPINB5,3.428990328
CCDC102B,4.406658542
MBP,3.557880986
GRIN3B,10.5986684
TMEM259,13.95043313
CNN2,31.69145693
ABCA7,29.1341383
HMHA1,20.24657782
POLR2E,12.24743685
GPX4,9.453679476
SBNO2,9.453679476
MUM1,1.491739694
C19orf25,2.672845488
PCSK4,2.672845488
REEP6,2.672845488
ADAMTSL5,2.672845488
TBXA2R,3.193345276
CACTIN,3.643821114
PIP5K1C,3.618055045
PTPRS,2.075622492
RAB11B,2.131590697
MARCH2,2.131590697
ZNF560,2.451242171
ZNF426,1.985899678
ZNF121,1.985899678
ADGRE2,3.971428747
OR10H5,2.372634143
GDF15,4.36665276
LRRC25,5.487408982
SSBP4,6.313730265
ISYNA1,6.052169418
ELL,5.79438969
FKBP8,4.646737914
RASGRP4,1.873966052
RYR1,1.873966052
LGALS4,2.513144645
ECH1,2.513144645
HNRNPL,2.513144645
PAPL,2.477542725
PAK4,2.643018599
DLL3,3.036920839
SELV,3.036920839
EID2B,3.036920839
PRKD2,2.278519145
SULT2A1,2.093395628
CD33,6.550089835
SIGLECL1,1.979845968
FPR1,3.140621496
FPR2,3.140621496
LILRB4,3.482936127
NLRP7,1.472241247
NLRP2,1.472241247
GP6,2.672763707
RDH13,2.672763707
NLRP4,4.181681713
NLRP13,4.384481302
ZNF444,1.480316358
GALP,1.480316358
ZSCAN5B,1.480316358
SMIM17,2.656197667
ZNF835,2.656197667
ZNF17,3.402853512
ZNF749,3.402853512
SDCBP2,3.206419133
FKBP1A,4.625783395
SMOX,2.003733563
SLC23A2,2.952063484
BFSP1,1.355561411
RRBP1,3.003869378
BANF2,2.22887572
SNX5,2.268016601
MGME1,1.838033384
CSTL1,3.735300208
CST11,3.735300208
VSTM2L,1.804100348
PPP1R16B,2.086557045
PTPRT,2.51812759
L3MBTL1,2.376854125
OSER1,2.676541633
WFDC2,2.61960784
SPINT3,2.61960784
WFDC9,1.788879459
WFDC10A,1.788879459
WFDC11,1.788879459
SLC13A3,2.294795068
SLC9A8,4.094150173
SPATA2,4.318523583
RNF114,3.601209607
SNAI1,3.733721253
ZFP64,2.637555226
TSHZ2,3.018475853
BCAS1,3.359518563
AURKA,7.045328234
CSTF1,7.402655901
CASS4,8.12351081
CDH4,2.428058365
TMPRSS15,1.928117993
APP,4.372634143
ADAMTS5,2.560762072
HUNK,1.3796557
DOPEY2,2.602059991
MORC3,2.602059991
ERG,3.68131073
PSMG1,3.852942329
SH3BGR,3.92226882
SLC37A1,3.096259059
MICAL3,2.431211788
RIMBP3C,3.086901734
UBE2L3,3.07829272
YDJC,3.199709179
CCDC116,3.245942311
SDF2L1,3.222551427
MAPK1,3.301116863
IGL,3.508204229
KIAA1671,2.587405069
CRYBB3,2.111820506
CRYBB2,2.111820506
ZNRF3,2.268330668
AP1B1,1.838931615
RFPL1,2.373146585
OSM,2.713094647
GATSL3,2.713094647
EP300,4.75503054
L3MBTL2,4.987500222
CHADL,4.960149822
RANGAP1,5.090347709
SEPT3,4.006488822
WBP2NL,4.009159643
LDOC1L,3.159768405
PHF21B,3.314446347
CELSR1,1.687822644
APOE,50
